id,char
15,!
16,""""
17,#
18,$
19,%
20,&
21,'
22,(
23,)
24,*
25,+
26,","
27,-
28,.
29,/
30,0
31,1
32,2
33,3
34,4
35,5
36,6
37,7
38,8
39,9
40,:
41,;
42,<
43,=
44,>
45,?
46,@
47,A
48,B
49,C
50,D
51,E
52,F
53,G
54,H
55,I
56,J
57,K
58,L
59,M
60,N
61,O
62,P
63,Q
64,R
65,S
66,T
67,U
68,V
69,W
70,X
71,Y
72,Z
73,[
74,\
75,]
76,^
77,_
78,`
79,a
80,b
81,c
82,d
83,e
84,f
85,g
86,h
87,i
88,j
89,k
90,l
91,m
92,n
93,o
94,p
95,q
96,r
97,s
98,t
99,u
100,v
101,w
102,x
103,y
104,z
105,{
106,|
107,}
108,~
109,¡
110,¢
111,£
112,¥
113,§
114,©
115,«
116,¬
117,®
118,°
119,±
120,·
121,»
122,¿
800,□
801,▲
802,△
803,▼
804,▽
805,◆
806,◇
807,○
808,◎
809,●
810,◯
811,★
812,☆
813,☉
814,♀
815,♂
816,♠
817,♡
818,♣
819,♥
820,♦
821,♪
822,♭
823,♯
824,✩
825,⟨
826,⟩
827,ⴰ
828,、
829,。
830,〃
831,々
832,〆
833,〇
834,〈
835,〉
836,《
837,》
838,「
839,」
840,『
841,』
842,【
843,】
844,〒
845,〔
846,〕
847,〜
848,〝
849,〟
850,〰
851,ぁ
852,あ
853,ぃ
854,い
855,ぅ
856,う
857,ぇ
858,え
859,ぉ
860,お
861,か
862,が
863,き
864,ぎ
865,く
866,ぐ
867,け
868,げ
869,こ
870,ご
871,さ
872,ざ
873,し
874,じ
875,す
876,ず
877,せ
878,ぜ
879,そ
880,ぞ
881,た
882,だ
883,ち
884,ぢ
885,っ
886,つ
887,づ
888,て
889,で
890,と
891,ど
892,な
893,に
894,ぬ
895,ね
896,の
897,は
898,ば
899,ぱ
900,ひ
901,び
902,ぴ
903,ふ
904,ぶ
905,ぷ
906,へ
907,べ
908,ぺ
909,ほ
910,ぼ
911,ぽ
912,ま
913,み
914,む
915,め
916,も
917,ゃ
918,や
919,ゅ
920,ゆ
921,ょ
922,よ
923,ら
924,り
925,る
926,れ
927,ろ
928,ゎ
929,わ
930,ゐ
931,ゑ
932,を
933,ん
934,゙
935,゚
936,ゝ
937,ゞ
938,゠
939,ァ
940,ア
941,ィ
942,イ
943,ゥ
944,ウ
945,ェ
946,エ
947,ォ
948,オ
949,カ
950,ガ
951,キ
952,ギ
953,ク
954,グ
955,ケ
956,ゲ
957,コ
958,ゴ
959,サ
960,ザ
961,シ
962,ジ
963,ス
964,ズ
965,セ
966,ゼ
967,ソ
968,ゾ
969,タ
970,ダ
971,チ
972,ヂ
973,ッ
974,ツ
975,ヅ
976,テ
977,デ
978,ト
979,ド
980,ナ
981,ニ
982,ヌ
983,ネ
984,ノ
985,ハ
986,バ
987,パ
988,ヒ
989,ビ
990,ピ
991,フ
992,ブ
993,プ
994,ヘ
995,ベ
996,ペ
997,ホ
998,ボ
999,ポ
1000,マ
1001,ミ
1002,ム
1003,メ
1004,モ
1005,ャ
1006,ヤ
1007,ュ
1008,ユ
1009,ョ
1010,ヨ
1011,ラ
1012,リ
1013,ル
1014,レ
1015,ロ
1016,ヮ
1017,ワ
1018,ヰ
1019,ヱ
1020,ヲ
1021,ン
1022,ヴ
1023,ヵ
1024,ヶ
1025,・
1026,ー
1027,㆑
1028,ㇱ
1029,ㇷ
1030,ㇼ
1031,一
1032,丁
1033,七
1034,万
1035,丈
1036,三
1037,上
1038,下
1039,不
1040,与
1041,丑
1042,且
1043,丕
1044,世
1045,丘
1046,丙
1047,东
1048,丞
1049,両
1050,並
1051,个
1052,中
1053,串
1054,丸
1055,丹
1056,主
1057,丼
1058,乂
1059,乃
1060,久
1061,么
1062,之
1063,乍
1064,乎
1065,乏
1066,乐
1067,乖
1068,乗
1069,乘
1070,乙
1071,九
1072,乞
1073,也
1074,乭
1075,乱
1076,乳
1077,乾
1078,亀
1079,了
1080,予
1081,争
1082,事
1083,二
1084,于
1085,云
1086,互
1087,五
1088,井
1089,亘
1090,亙
1091,些
1092,亜
1093,亞
1094,亡
1095,亢
1096,交
1097,亥
1098,亦
1099,亨
1100,享
1101,京
1102,亭
1103,亮
1104,人
1105,什
1106,仁
1107,仄
1108,仇
1109,今
1110,介
1111,仍
1112,仏
1113,仔
1114,仕
1115,他
1116,仗
1117,付
1118,仙
1119,代
1120,令
1121,以
1122,仮
1123,仰
1124,仲
1125,件
1126,价
1127,任
1128,份
1129,企
1130,伊
1131,伍
1132,伎
1133,伏
1134,伐
1135,休
1136,会
1137,伝
1138,伯
1139,伴
1140,伶
1141,伸
1142,伺
1143,似
1144,伽
1145,佃
1146,但
1147,佇
1148,位
1149,低
1150,住
1151,佐
1152,佑
1153,体
1154,何
1155,佗
1156,余
1157,佚
1158,佛
1159,作
1160,佞
1161,佟
1162,你
1163,佩
1164,佬
1165,佰
1166,佳
1167,併
1168,佼
1169,使
1170,侂
1171,侃
1172,來
1173,侈
1174,例
1175,侍
1176,侏
1177,侑
1178,侗
1179,侘
1180,供
1181,依
1182,侠
1183,価
1184,侭
1185,侮
1186,侯
1187,侵
1188,侶
1189,便
1190,俀
1191,係
1192,促
1193,俄
1194,俊
1195,俎
1196,俑
1197,俗
1198,俘
1199,俚
1200,保
1201,俟
1202,俠
1203,信
1204,俣
1205,修
1206,俯
1207,俱
1208,俳
1209,俵
1210,俶
1211,俸
1212,俺
1213,倅
1214,倉
1215,個
1216,倍
1217,們
1218,倒
1219,倖
1220,候
1221,倚
1222,借
1223,倡
1224,倣
1225,値
1226,倦
1227,倧
1228,倩
1229,倪
1230,倫
1231,倭
1232,倶
1233,倹
1234,偃
1235,假
1236,偈
1237,偉
1238,偏
1239,偕
1240,做
1241,停
1242,健
1243,偲
1244,側
1245,偵
1246,偶
1247,偽
1248,傀
1249,傅
1250,傍
1251,傑
1252,傕
1253,傘
1254,備
1255,催
1256,傭
1257,傲
1258,傳
1259,債
1260,傷
1261,傾
1262,僅
1263,僉
1264,僊
1265,働
1266,像
1267,僑
1268,僕
1269,僖
1270,僚
1271,僥
1272,僧
1273,僭
1274,僻
1275,儀
1276,儁
1277,儂
1278,億
1279,儋
1280,儒
1281,儔
1282,儘
1283,儚
1284,償
1285,儡
1286,優
1287,儲
1288,儺
1289,儼
1290,兀
1291,允
1292,元
1293,兄
1294,充
1295,兆
1296,兇
1297,先
1298,光
1299,克
1300,兌
1301,免
1302,兎
1303,児
1304,兒
1305,兗
1306,党
1307,兜
1308,入
1309,內
1310,全
1311,兩
1312,兪
1313,八
1314,公
1315,六
1316,兮
1317,共
1318,兴
1319,兵
1320,其
1321,具
1322,典
1323,兼
1324,冀
1325,内
1326,円
1327,冉
1328,冊
1329,册
1330,再
1331,冏
1332,冑
1333,冒
1334,冕
1335,冗
1336,写
1337,军
1338,冠
1339,冤
1340,冥
1341,冨
1342,冪
1343,冬
1344,冰
1345,冲
1346,决
1347,冴
1348,冶
1349,冷
1350,冼
1351,凄
1352,准
1353,凉
1354,凋
1355,凌
1356,凍
1357,凛
1358,凜
1359,凝
1360,几
1361,凡
1362,処
1363,凧
1364,凪
1365,凰
1366,凱
1367,凶
1368,凸
1369,凹
1370,出
1371,函
1372,刀
1373,刁
1374,刃
1375,刄
1376,分
1377,切
1378,刈
1379,刊
1380,刎
1381,刑
1382,列
1383,初
1384,判
1385,別
1386,利
1387,刪
1388,到
1389,刳
1390,制
1391,刷
1392,券
1393,刹
1394,刺
1395,刻
1396,剃
1397,剄
1398,則
1399,削
1400,剋
1401,剌
1402,前
1403,剖
1404,剛
1405,剝
1406,剣
1407,剤
1408,剥
1409,剪
1410,副
1411,剰
1412,剱
1413,割
1414,創
1415,剽
1416,劃
1417,劇
1418,劈
1419,劉
1420,劍
1421,劔
1422,力
1423,功
1424,加
1425,劣
1426,动
1427,助
1428,努
1429,劫
1430,劭
1431,励
1432,労
1433,効
1434,劾
1435,勁
1436,勃
1437,勅
1438,勇
1439,勉
1440,勒
1441,動
1442,勗
1443,勘
1444,務
1445,勛
1446,勝
1447,募
1448,勢
1449,勣
1450,勤
1451,勧
1452,勲
1453,勳
1454,勺
1455,勾
1456,勿
1457,匁
1458,匂
1459,包
1460,匈
1461,匍
1462,匐
1463,匕
1464,化
1465,北
1466,匙
1467,匝
1468,匠
1469,匡
1470,匣
1471,匪
1472,匯
1473,匱
1474,匹
1475,区
1476,医
1477,匿
1478,區
1479,十
1480,千
1481,升
1482,午
1483,卉
1484,半
1485,卍
1486,华
1487,卑
1488,卒
1489,卓
1490,協
1491,南
1492,単
1493,博
1494,卜
1495,卞
1496,占
1497,卡
1498,卦
1499,卬
1500,卯
1501,印
1502,危
1503,即
1504,却
1505,卵
1506,卷
1507,卸
1508,卿
1509,厄
1510,厘
1511,厙
1512,厚
1513,厝
1514,原
1515,厠
1516,厥
1517,厦
1518,厨
1519,厩
1520,厭
1521,厲
1522,厳
1523,去
1524,参
1525,參
1526,又
1527,叉
1528,及
1529,友
1530,双
1531,反
1532,収
1533,叔
1534,取
1535,受
1536,叙
1537,叛
1538,叟
1539,叡
1540,叢
1541,口
1542,古
1543,句
1544,叩
1545,只
1546,叫
1547,召
1548,叭
1549,可
1550,台
1551,叱
1552,史
1553,右
1554,叶
1555,号
1556,司
1557,吃
1558,各
1559,合
1560,吉
1561,吊
1562,吋
1563,同
1564,名
1565,后
1566,吏
1567,吐
1568,向
1569,吒
1570,君
1571,吝
1572,吟
1573,吠
1574,否
1575,含
1576,吳
1577,吶
1578,吸
1579,吹
1580,吻
1581,吼
1582,吽
1583,吾
1584,呀
1585,呂
1586,呆
1587,呈
1588,呉
1589,告
1590,呑
1591,呟
1592,周
1593,呪
1594,呰
1595,味
1596,呵
1597,呻
1598,呼
1599,命
1600,咀
1601,咄
1602,咆
1603,咋
1604,和
1605,咎
1606,咒
1607,咢
1608,咤
1609,咥
1610,咨
1611,咩
1612,咫
1613,咬
1614,咲
1615,咳
1616,咸
1617,咽
1618,哀
1619,品
1620,哈
1621,哉
1622,員
1623,哥
1624,哨
1625,哩
1626,哭
1627,哮
1628,哲
1629,哺
1630,唄
1631,唆
1632,唇
1633,唐
1634,唖
1635,唯
1636,唱
1637,唸
1638,唹
1639,唾
1640,啄
1641,商
1642,問
1643,啓
1644,啖
1645,啜
1646,啤
1647,啦
1648,啼
1649,喀
1650,善
1651,喆
1652,喇
1653,喉
1654,喊
1655,喋
1656,喘
1657,喙
1658,喚
1659,喜
1660,喝
1661,喧
1662,喩
1663,喪
1664,喫
1665,喬
1666,喰
1667,営
1668,嗄
1669,嗅
1670,嗇
1671,嗚
1672,嗜
1673,嗟
1674,嗣
1675,嗽
1676,嘆
1677,嘉
1678,嘎
1679,嘔
1680,嘗
1681,嘘
1682,嘩
1683,嘯
1684,嘱
1685,嘲
1686,嘴
1687,噂
1688,噌
1689,噛
1690,器
1691,噲
1692,噴
1693,噺
1694,嚆
1695,嚇
1696,嚢
1697,嚥
1698,嚮
1699,嚴
1700,嚶
1701,嚼
1702,囁
1703,囂
1704,囃
1705,囎
1706,囚
1707,四
1708,回
1709,因
1710,团
1711,団
1712,园
1713,囮
1714,困
1715,囲
1716,図
1717,围
1718,固
1719,国
1720,囿
1721,圀
1722,圃
1723,圉
1724,國
1725,圏
1726,園
1727,圓
1728,圖
1729,團
1730,土
1731,圧
1732,在
1733,圩
1734,圭
1735,地
1736,圳
1737,圻
1738,址
1739,坂
1740,均
1741,坊
1742,坎
1743,坏
1744,坐
1745,坑
1746,坡
1747,坤
1748,坦
1749,坪
1750,坳
1751,垂
1752,型
1753,垓
1754,垠
1755,垢
1756,垣
1757,埃
1758,埈
1759,埋
1760,城
1761,埒
1762,埔
1763,埕
1764,埜
1765,域
1766,埠
1767,埣
1768,埴
1769,埵
1770,執
1771,培
1772,基
1773,埼
1774,堀
1775,堂
1776,堅
1777,堆
1778,堕
1779,堡
1780,堤
1781,堪
1782,堯
1783,堰
1784,報
1785,場
1786,堵
1787,堺
1788,塀
1789,塁
1790,塊
1791,塑
1792,塔
1793,塗
1794,塘
1795,塙
1796,塚
1797,塞
1798,塢
1799,塩
1800,填
1801,塵
1802,塹
1803,塾
1804,境
1805,墅
1806,墉
1807,墓
1808,増
1809,墜
1810,墟
1811,墨
1812,墩
1813,墳
1814,墺
1815,墻
1816,墾
1817,壁
1818,壇
1819,壊
1820,壌
1821,壕
1822,壙
1823,壜
1824,壢
1825,壩
1826,士
1827,壬
1828,壮
1829,声
1830,壱
1831,売
1832,壷
1833,壹
1834,壺
1835,壽
1836,変
1837,夏
1838,夔
1839,夕
1840,外
1841,夙
1842,多
1843,夛
1844,夜
1845,夢
1846,大
1847,天
1848,太
1849,夫
1850,夭
1851,央
1852,失
1853,夷
1854,夾
1855,奄
1856,奇
1857,奈
1858,奉
1859,奎
1860,奏
1861,奐
1862,契
1863,奔
1864,奕
1865,套
1866,奘
1867,奚
1868,奠
1869,奢
1870,奥
1871,奧
1872,奨
1873,奪
1874,奭
1875,奮
1876,女
1877,奴
1878,奸
1879,好
1880,如
1881,妃
1882,妄
1883,妊
1884,妍
1885,妓
1886,妖
1887,妙
1888,妤
1889,妥
1890,妨
1891,妬
1892,妲
1893,妹
1894,妻
1895,妾
1896,姆
1897,姉
1898,始
1899,姐
1900,姑
1901,姓
1902,委
1903,姚
1904,姜
1905,姥
1906,姦
1907,姨
1908,姪
1909,姫
1910,姶
1911,姻
1912,姿
1913,威
1914,娃
1915,娑
1916,娘
1917,娜
1918,娟
1919,娠
1920,娥
1921,娩
1922,娯
1923,娶
1924,娼
1925,婁
1926,婆
1927,婉
1928,婕
1929,婚
1930,婢
1931,婦
1932,婷
1933,婿
1934,媒
1935,媚
1936,媛
1937,媯
1938,媽
1939,嫁
1940,嫉
1941,嫌
1942,嫡
1943,嫦
1944,嫩
1945,嬉
1946,嬌
1947,嬛
1948,嬢
1949,嬪
1950,嬬
1951,嬰
1952,嬲
1953,嬴
1954,嬶
1955,孁
1956,子
1957,孔
1958,孕
1959,字
1960,存
1961,孚
1962,孜
1963,孝
1964,孟
1965,季
1966,孤
1967,学
1968,孩
1969,孫
1970,孵
1971,學
1972,孺
1973,宅
1974,宇
1975,守
1976,安
1977,宋
1978,完
1979,宍
1980,宏
1981,宕
1982,宗
1983,官
1984,宙
1985,定
1986,宛
1987,宜
1988,宝
1989,実
1990,客
1991,宣
1992,室
1993,宥
1994,宦
1995,宮
1996,宰
1997,害
1998,宴
1999,宵
2000,家
2001,宸
2002,容
2003,宿
2004,寂
2005,寄
2006,寅
2007,密
2008,寇
2009,富
2010,寒
2011,寓
2012,寔
2013,寛
2014,寝
2015,察
2016,寡
2017,實
2018,寧
2019,寨
2020,審
2021,寫
2022,寬
2023,寮
2024,寳
2025,寵
2026,寶
2027,寸
2028,对
2029,寺
2030,対
2031,寿
2032,封
2033,専
2034,射
2035,将
2036,將
2037,專
2038,尉
2039,尊
2040,尋
2041,對
2042,導
2043,小
2044,少
2045,尓
2046,尖
2047,尚
2048,尤
2049,尭
2050,就
2051,尸
2052,尹
2053,尺
2054,尻
2055,尼
2056,尽
2057,尾
2058,尿
2059,局
2060,屁
2061,居
2062,屈
2063,届
2064,屋
2065,屍
2066,屎
2067,屏
2068,屑
2069,屓
2070,展
2071,属
2072,屠
2073,層
2074,履
2075,屬
2076,屯
2077,山
2078,岌
2079,岐
2080,岑
2081,岔
2082,岡
2083,岩
2084,岫
2085,岬
2086,岱
2087,岳
2088,岷
2089,岸
2090,峅
2091,峙
2092,峠
2093,峡
2094,峨
2095,峪
2096,峯
2097,峰
2098,峴
2099,島
2100,峻
2101,崇
2102,崋
2103,崎
2104,崑
2105,崔
2106,崖
2107,崗
2108,崙
2109,崧
2110,崩
2111,嵆
2112,嵊
2113,嵌
2114,嵐
2115,嵜
2116,嵩
2117,嵬
2118,嵯
2119,嶋
2120,嶌
2121,嶝
2122,嶠
2123,嶷
2124,嶺
2125,嶼
2126,嶽
2127,巌
2128,巍
2129,巒
2130,巖
2131,川
2132,州
2133,巡
2134,巣
2135,工
2136,左
2137,巧
2138,巨
2139,巫
2140,差
2141,己
2142,已
2143,巳
2144,巴
2145,巷
2146,巻
2147,巽
2148,巾
2149,市
2150,布
2151,帆
2152,希
2153,帖
2154,帙
2155,帚
2156,帛
2157,帝
2158,帥
2159,師
2160,席
2161,帯
2162,帰
2163,帳
2164,帶
2165,帷
2166,常
2167,帽
2168,幀
2169,幄
2170,幅
2171,幇
2172,幌
2173,幔
2174,幕
2175,幟
2176,幡
2177,幢
2178,幣
2179,干
2180,平
2181,年
2182,并
2183,幸
2184,幹
2185,幺
2186,幻
2187,幼
2188,幽
2189,幾
2190,广
2191,庁
2192,広
2193,庄
2194,庇
2195,床
2196,序
2197,底
2198,店
2199,庚
2200,府
2201,庠
2202,度
2203,座
2204,庫
2205,庭
2206,庵
2207,庶
2208,康
2209,庸
2210,庾
2211,廂
2212,廃
2213,廆
2214,廈
2215,廉
2216,廊
2217,廓
2218,廖
2219,廙
2220,廞
2221,廟
2222,廠
2223,廣
2224,廩
2225,廬
2226,廳
2227,延
2228,廷
2229,建
2230,廻
2231,廼
2232,廿
2233,弁
2234,弄
2235,弈
2236,弉
2237,弊
2238,弋
2239,弌
2240,式
2241,弐
2242,弑
2243,弓
2244,弔
2245,引
2246,弖
2247,弗
2248,弘
2249,弛
2250,弟
2251,张
2252,弥
2253,弦
2254,弧
2255,弩
2256,弯
2257,弱
2258,張
2259,強
2260,弼
2261,弾
2262,彅
2263,彊
2264,彌
2265,彎
2266,当
2267,彗
2268,彙
2269,彝
2270,彡
2271,形
2272,彤
2273,彦
2274,彧
2275,彩
2276,彪
2277,彫
2278,彬
2279,彭
2280,彰
2281,影
2282,彷
2283,役
2284,彼
2285,彿
2286,往
2287,征
2288,徂
2289,径
2290,待
2291,徊
2292,律
2293,後
2294,徐
2295,徒
2296,従
2297,得
2298,徘
2299,徙
2300,從
2301,徠
2302,御
2303,徧
2304,徨
2305,復
2306,循
2307,徭
2308,微
2309,徳
2310,徴
2311,德
2312,徹
2313,徽
2314,心
2315,必
2316,忌
2317,忍
2318,志
2319,忘
2320,忙
2321,応
2322,忠
2323,快
2324,忱
2325,念
2326,忻
2327,忽
2328,怒
2329,怖
2330,怜
2331,思
2332,怠
2333,怡
2334,急
2335,性
2336,怨
2337,怪
2338,怯
2339,恂
2340,恆
2341,恋
2342,恍
2343,恐
2344,恒
2345,恕
2346,恢
2347,恣
2348,恤
2349,恥
2350,恨
2351,恩
2352,恪
2353,恫
2354,恬
2355,恭
2356,息
2357,恰
2358,恵
2359,悉
2360,悌
2361,悍
2362,悔
2363,悛
2364,悝
2365,悟
2366,悠
2367,患
2368,悦
2369,悧
2370,悩
2371,悪
2372,悲
2373,悳
2374,悴
2375,悶
2376,悸
2377,悼
2378,情
2379,惇
2380,惑
2381,惚
2382,惜
2383,惟
2384,惠
2385,惡
2386,惣
2387,惧
2388,惨
2389,惰
2390,想
2391,惹
2392,惺
2393,愁
2394,愈
2395,愉
2396,愍
2397,意
2398,愔
2399,愕
2400,愚
2401,愛
2402,感
2403,愴
2404,愷
2405,愼
2406,愾
2407,愿
2408,慄
2409,慇
2410,慈
2411,慊
2412,態
2413,慌
2414,慎
2415,慕
2416,慟
2417,慢
2418,慣
2419,慧
2420,慨
2421,慮
2422,慰
2423,慶
2424,慾
2425,憂
2426,憊
2427,憎
2428,憐
2429,憑
2430,憔
2431,憚
2432,憤
2433,憧
2434,憩
2435,憫
2436,憬
2437,憮
2438,憲
2439,憶
2440,憺
2441,憾
2442,懃
2443,懇
2444,應
2445,懊
2446,懋
2447,懐
2448,懣
2449,懲
2450,懸
2451,懺
2452,懼
2453,懿
2454,戀
2455,戈
2456,戊
2457,戌
2458,戍
2459,戎
2460,成
2461,我
2462,戒
2463,戔
2464,或
2465,战
2466,戚
2467,戛
2468,戟
2469,戡
2470,戦
2471,戩
2472,截
2473,戮
2474,戯
2475,戰
2476,戴
2477,戸
2478,戻
2479,房
2480,所
2481,扁
2482,扇
2483,扈
2484,扉
2485,手
2486,才
2487,扎
2488,打
2489,払
2490,托
2491,扮
2492,扱
2493,扶
2494,批
2495,扼
2496,承
2497,技
2498,抄
2499,抉
2500,把
2501,抑
2502,抒
2503,投
2504,抗
2505,折
2506,抜
2507,択
2508,披
2509,抱
2510,抵
2511,抹
2512,押
2513,抽
2514,担
2515,拉
2516,拌
2517,拍
2518,拐
2519,拒
2520,拓
2521,拔
2522,拗
2523,拘
2524,拙
2525,招
2526,拝
2527,拠
2528,拡
2529,括
2530,拭
2531,拮
2532,拯
2533,拱
2534,拳
2535,拵
2536,拶
2537,拷
2538,拼
2539,拾
2540,拿
2541,持
2542,挂
2543,指
2544,按
2545,挑
2546,挖
2547,挙
2548,挟
2549,挨
2550,挫
2551,振
2552,挹
2553,挺
2554,挽
2555,挾
2556,挿
2557,捉
2558,捌
2559,捏
2560,捐
2561,捕
2562,捗
2563,捜
2564,捧
2565,捨
2566,捩
2567,据
2568,捲
2569,捷
2570,捺
2571,捻
2572,掃
2573,授
2574,掌
2575,掏
2576,排
2577,掖
2578,掘
2579,掛
2580,掟
2581,掠
2582,採
2583,探
2584,掣
2585,接
2586,控
2587,推
2588,掩
2589,措
2590,掬
2591,掲
2592,掴
2593,掻
2594,掾
2595,揃
2596,揄
2597,揆
2598,揉
2599,描
2600,提
2601,揖
2602,揚
2603,換
2604,握
2605,揮
2606,援
2607,揶
2608,揺
2609,損
2610,搗
2611,搦
2612,搬
2613,搭
2614,携
2615,搾
2616,摂
2617,摔
2618,摘
2619,摠
2620,摩
2621,摯
2622,摸
2623,摺
2624,撃
2625,撈
2626,撒
2627,撓
2628,撚
2629,撞
2630,撤
2631,撥
2632,撫
2633,播
2634,撮
2635,撰
2636,撲
2637,撹
2638,撻
2639,撼
2640,擁
2641,擂
2642,擅
2643,操
2644,擢
2645,擦
2646,擬
2647,擱
2648,擲
2649,擾
2650,攀
2651,攘
2652,攝
2653,攣
2654,攪
2655,攫
2656,攬
2657,支
2658,收
2659,攷
2660,攸
2661,改
2662,攻
2663,放
2664,政
2665,故
2666,效
2667,敎
2668,敏
2669,救
2670,敖
2671,敗
2672,教
2673,敞
2674,敢
2675,散
2676,敦
2677,敬
2678,数
2679,敲
2680,整
2681,敵
2682,敷
2683,數
2684,斂
2685,斃
2686,文
2687,斉
2688,斌
2689,斎
2690,斐
2691,斑
2692,斗
2693,料
2694,斛
2695,斜
2696,斟
2697,斡
2698,斤
2699,斥
2700,斧
2701,斫
2702,斬
2703,断
2704,斯
2705,新
2706,方
2707,於
2708,施
2709,旁
2710,旅
2711,旋
2712,旌
2713,族
2714,旒
2715,旗
2716,旛
2717,无
2718,既
2719,日
2720,旦
2721,旧
2722,旨
2723,早
2724,旬
2725,旭
2726,旱
2727,旺
2728,旻
2729,昀
2730,昂
2731,昆
2732,昇
2733,昉
2734,昊
2735,昌
2736,明
2737,昏
2738,易
2739,昔
2740,昕
2741,星
2742,映
2743,春
2744,昧
2745,昨
2746,昭
2747,是
2748,昱
2749,昴
2750,昵
2751,昶
2752,昼
2753,晁
2754,時
2755,晃
2756,晄
2757,晋
2758,晏
2759,晒
2760,晟
2761,晤
2762,晦
2763,晧
2764,晨
2765,晩
2766,普
2767,景
2768,晰
2769,晴
2770,晶
2771,智
2772,暁
2773,暇
2774,暈
2775,暉
2776,暎
2777,暐
2778,暑
2779,暖
2780,暗
2781,暘
2782,暢
2783,暦
2784,暫
2785,暮
2786,暲
2787,暴
2788,暹
2789,曁
2790,曄
2791,曇
2792,曉
2793,曖
2794,曙
2795,曜
2796,曝
2797,曠
2798,曰
2799,曲
2800,曳
2801,更
2802,曷
2803,書
2804,曹
2805,曺
2806,曼
2807,曽
2808,曾
2809,替
2810,最
2811,會
2812,月
2813,有
2814,朋
2815,服
2816,朐
2817,朔
2818,朕
2819,朗
2820,望
2821,朝
2822,期
2823,朦
2824,朧
2825,木
2826,未
2827,末
2828,本
2829,札
2830,朮
2831,朱
2832,朴
2833,朶
2834,机
2835,朽
2836,杁
2837,杉
2838,李
2839,杏
2840,材
2841,村
2842,杓
2843,杖
2844,杙
2845,杜
2846,杞
2847,束
2848,条
2849,杢
2850,杣
2851,来
2852,杭
2853,杮
2854,杯
2855,杰
2856,東
2857,杲
2858,杳
2859,杵
2860,杷
2861,杼
2862,松
2863,板
2864,枇
2865,枉
2866,枋
2867,析
2868,枓
2869,枕
2870,林
2871,枚
2872,果
2873,枝
2874,枠
2875,枡
2876,枢
2877,枯
2878,枳
2879,架
2880,枷
2881,枹
2882,柄
2883,柊
2884,柏
2885,某
2886,柑
2887,染
2888,柔
2889,柘
2890,柚
2891,柞
2892,柩
2893,柯
2894,柱
2895,柳
2896,柴
2897,柵
2898,査
2899,柾
2900,柿
2901,栂
2902,栃
2903,栄
2904,栓
2905,栖
2906,栗
2907,栞
2908,校
2909,栢
2910,栩
2911,株
2912,栴
2913,核
2914,根
2915,格
2916,栽
2917,桀
2918,桁
2919,桂
2920,桃
2921,框
2922,案
2923,桐
2924,桑
2925,桓
2926,桔
2927,桙
2928,桜
2929,桝
2930,桟
2931,桧
2932,桴
2933,桶
2934,桿
2935,梁
2936,梃
2937,梅
2938,梓
2939,梔
2940,梗
2941,條
2942,梟
2943,梠
2944,梢
2945,梧
2946,梨
2947,梭
2948,梯
2949,械
2950,梱
2951,梳
2952,梵
2953,梶
2954,棄
2955,棋
2956,棍
2957,棒
2958,棕
2959,棗
2960,棘
2961,棚
2962,棟
2963,棠
2964,棣
2965,森
2966,棲
2967,棹
2968,棺
2969,椀
2970,椅
2971,椋
2972,植
2973,椎
2974,椏
2975,椒
2976,椙
2977,椚
2978,椛
2979,検
2980,椰
2981,椴
2982,椿
2983,楊
2984,楓
2985,楔
2986,楕
2987,楚
2988,楠
2989,楡
2990,楢
2991,楨
2992,楫
2993,業
2994,楮
2995,楯
2996,楳
2997,極
2998,楷
2999,楸
3000,楼
3001,楽
3002,概
3003,榊
3004,榎
3005,榑
3006,榔
3007,榕
3008,榛
3009,榜
3010,榧
3011,榮
3012,榴
3013,槃
3014,槇
3015,槊
3016,構
3017,槌
3018,槍
3019,槎
3020,槐
3021,槓
3022,様
3023,槙
3024,槨
3025,槻
3026,槽
3027,槿
3028,樂
3029,樅
3030,樊
3031,樋
3032,樒
3033,樓
3034,樗
3035,標
3036,樟
3037,模
3038,樣
3039,権
3040,横
3041,樫
3042,樵
3043,樹
3044,樺
3045,樽
3046,橇
3047,橈
3048,橋
3049,橘
3050,橙
3051,機
3052,橡
3053,橿
3054,檀
3055,檄
3056,檎
3057,檗
3058,檜
3059,檢
3060,檣
3061,檬
3062,檮
3063,檳
3064,檸
3065,檻
3066,櫂
3067,櫃
3068,櫓
3069,櫚
3070,櫛
3071,櫟
3072,櫨
3073,櫻
3074,欄
3075,欅
3076,權
3077,欒
3078,欠
3079,次
3080,欣
3081,欧
3082,欲
3083,欺
3084,欽
3085,款
3086,歆
3087,歌
3088,歎
3089,歓
3090,歙
3091,止
3092,正
3093,此
3094,步
3095,武
3096,歩
3097,歪
3098,歯
3099,歳
3100,歴
3101,歸
3102,死
3103,歿
3104,殆
3105,殉
3106,殊
3107,残
3108,殖
3109,殘
3110,殤
3111,殲
3112,殴
3113,段
3114,殷
3115,殺
3116,殻
3117,殼
3118,殿
3119,毀
3120,毅
3121,毋
3122,母
3123,毎
3124,毐
3125,毒
3126,毓
3127,比
3128,毖
3129,毗
3130,毘
3131,毛
3132,毫
3133,毬
3134,毯
3135,氈
3136,氏
3137,氐
3138,民
3139,気
3140,氣
3141,水
3142,氷
3143,永
3144,氾
3145,汀
3146,汁
3147,求
3148,汎
3149,汐
3150,汕
3151,汗
3152,汚
3153,汜
3154,汝
3155,江
3156,池
3157,汪
3158,汰
3159,汲
3160,汴
3161,汶
3162,決
3163,汽
3164,汾
3165,沁
3166,沂
3167,沃
3168,沅
3169,沈
3170,沌
3171,沐
3172,沓
3173,沔
3174,沖
3175,沙
3176,沛
3177,没
3178,沢
3179,沪
3180,沫
3181,沮
3182,沱
3183,河
3184,沸
3185,油
3186,治
3187,沼
3188,沽
3189,沾
3190,沿
3191,況
3192,泄
3193,泉
3194,泊
3195,泌
3196,泓
3197,法
3198,泗
3199,泛
3200,泠
3201,泡
3202,波
3203,泣
3204,泥
3205,注
3206,泪
3207,泮
3208,泰
3209,泳
3210,洄
3211,洋
3212,洌
3213,洒
3214,洗
3215,洙
3216,洛
3217,洞
3218,津
3219,洩
3220,洪
3221,洮
3222,洱
3223,洲
3224,洵
3225,洸
3226,活
3227,洽
3228,派
3229,流
3230,浄
3231,浅
3232,浙
3233,浚
3234,浜
3235,浣
3236,浦
3237,浩
3238,浪
3239,浬
3240,浮
3241,浴
3242,海
3243,浸
3244,涂
3245,涅
3246,涇
3247,消
3248,涌
3249,涎
3250,涙
3251,涛
3252,涜
3253,涪
3254,涯
3255,液
3256,涵
3257,涸
3258,涼
3259,涿
3260,淀
3261,淄
3262,淅
3263,淆
3264,淇
3265,淋
3266,淑
3267,淘
3268,淝
3269,淞
3270,淡
3271,淤
3272,淦
3273,淨
3274,淪
3275,淫
3276,淮
3277,深
3278,淳
3279,淵
3280,混
3281,淸
3282,淹
3283,淺
3284,添
3285,清
3286,渇
3287,済
3288,渉
3289,渋
3290,渓
3291,渕
3292,渙
3293,渚
3294,減
3295,渝
3296,渟
3297,渠
3298,渡
3299,渣
3300,渤
3301,渥
3302,渦
3303,温
3304,渫
3305,測
3306,渭
3307,港
3308,游
3309,渺
3310,渾
3311,湊
3312,湍
3313,湖
3314,湘
3315,湛
3316,湟
3317,湣
3318,湧
3319,湫
3320,湯
3321,湾
3322,湿
3323,満
3324,源
3325,準
3326,溜
3327,溝
3328,溟
3329,溢
3330,溥
3331,溪
3332,溯
3333,溶
3334,溺
3335,滄
3336,滅
3337,滇
3338,滉
3339,滋
3340,滎
3341,滑
3342,滓
3343,滔
3344,滕
3345,滝
3346,滞
3347,滬
3348,滲
3349,滴
3350,滷
3351,滸
3352,滾
3353,滿
3354,漁
3355,漂
3356,漆
3357,漉
3358,漏
3359,漑
3360,演
3361,漕
3362,漠
3363,漢
3364,漣
3365,漫
3366,漬
3367,漱
3368,漲
3369,漳
3370,漸
3371,漿
3372,潁
3373,潅
3374,潔
3375,潘
3376,潜
3377,潟
3378,潤
3379,潭
3380,潮
3381,潰
3382,潴
3383,潼
3384,澁
3385,澂
3386,澄
3387,澈
3388,澎
3389,澗
3390,澤
3391,澧
3392,澪
3393,澱
3394,澳
3395,澹
3396,激
3397,濁
3398,濂
3399,濃
3400,濊
3401,濘
3402,濟
3403,濠
3404,濡
3405,濤
3406,濫
3407,濬
3408,濮
3409,濯
3410,濰
3411,濱
3412,濵
3413,濾
3414,瀉
3415,瀋
3416,瀏
3417,瀑
3418,瀕
3419,瀘
3420,瀚
3421,瀛
3422,瀝
3423,瀞
3424,瀟
3425,瀧
3426,瀬
3427,瀾
3428,灌
3429,灘
3430,灞
3431,灣
3432,灤
3433,火
3434,灯
3435,灰
3436,灸
3437,灼
3438,災
3439,炅
3440,炉
3441,炊
3442,炎
3443,炒
3444,炙
3445,炫
3446,炬
3447,炭
3448,炮
3449,炯
3450,炳
3451,炸
3452,点
3453,為
3454,烈
3455,烏
3456,烙
3457,烟
3458,烹
3459,烽
3460,焉
3461,焔
3462,焙
3463,焚
3464,無
3465,焦
3466,焰
3467,然
3468,焼
3469,煉
3470,煌
3471,煎
3472,煒
3473,煕
3474,煖
3475,煙
3476,煜
3477,煤
3478,煥
3479,照
3480,煨
3481,煩
3482,煬
3483,煮
3484,煽
3485,熈
3486,熊
3487,熏
3488,熔
3489,熕
3490,熙
3491,熟
3492,熨
3493,熱
3494,熹
3495,熾
3496,燁
3497,燃
3498,燈
3499,燎
3500,燐
3501,燕
3502,燗
3503,營
3504,燥
3505,燦
3506,燧
3507,燭
3508,燮
3509,燵
3510,燻
3511,燼
3512,燾
3513,燿
3514,爆
3515,爛
3516,爨
3517,爪
3518,爬
3519,爲
3520,爵
3521,父
3522,爺
3523,爻
3524,爽
3525,爾
3526,牆
3527,片
3528,版
3529,牌
3530,牒
3531,牘
3532,牙
3533,牛
3534,牝
3535,牟
3536,牡
3537,牢
3538,牧
3539,物
3540,牲
3541,特
3542,牽
3543,犀
3544,犁
3545,犂
3546,犍
3547,犠
3548,犢
3549,犬
3550,犯
3551,状
3552,狂
3553,狄
3554,狆
3555,狐
3556,狗
3557,狙
3558,狛
3559,狡
3560,狩
3561,独
3562,狭
3563,狸
3564,狼
3565,狽
3566,猊
3567,猗
3568,猛
3569,猜
3570,猟
3571,猥
3572,猩
3573,猪
3574,猫
3575,献
3576,猴
3577,猶
3578,猷
3579,猾
3580,猿
3581,獄
3582,獅
3583,獏
3584,獠
3585,獣
3586,獨
3587,獪
3588,獰
3589,獲
3590,獺
3591,玄
3592,率
3593,玉
3594,王
3595,玖
3596,玩
3597,玫
3598,玲
3599,玻
3600,珀
3601,珂
3602,珈
3603,珉
3604,珊
3605,珍
3606,珠
3607,珥
3608,珪
3609,班
3610,珸
3611,現
3612,球
3613,琅
3614,理
3615,琉
3616,琛
3617,琢
3618,琥
3619,琦
3620,琨
3621,琪
3622,琬
3623,琮
3624,琰
3625,琲
3626,琳
3627,琴
3628,琵
3629,琶
3630,琺
3631,琿
3632,瑀
3633,瑁
3634,瑋
3635,瑕
3636,瑗
3637,瑙
3638,瑚
3639,瑛
3640,瑜
3641,瑞
3642,瑟
3643,瑠
3644,瑣
3645,瑤
3646,瑩
3647,瑪
3648,瑯
3649,瑰
3650,瑳
3651,瑶
3652,瑾
3653,璃
3654,璇
3655,璋
3656,璐
3657,璜
3658,璞
3659,璟
3660,璠
3661,璧
3662,璩
3663,環
3664,璽
3665,璿
3666,瓊
3667,瓌
3668,瓏
3669,瓔
3670,瓘
3671,瓚
3672,瓜
3673,瓠
3674,瓢
3675,瓦
3676,瓶
3677,瓷
3678,甄
3679,甌
3680,甑
3681,甕
3682,甘
3683,甚
3684,甜
3685,生
3686,產
3687,産
3688,甥
3689,甦
3690,用
3691,甫
3692,甯
3693,田
3694,由
3695,甲
3696,申
3697,男
3698,甸
3699,町
3700,画
3701,界
3702,畏
3703,畑
3704,畔
3705,留
3706,畚
3707,畜
3708,畝
3709,畠
3710,畢
3711,畤
3712,略
3713,畦
3714,番
3715,畫
3716,異
3717,畳
3718,當
3719,畷
3720,畸
3721,畿
3722,疆
3723,疇
3724,疋
3725,疎
3726,疏
3727,疑
3728,疝
3729,疣
3730,疫
3731,疱
3732,疲
3733,疵
3734,疸
3735,疹
3736,疼
3737,疽
3738,疾
3739,病
3740,症
3741,痍
3742,痒
3743,痔
3744,痕
3745,痘
3746,痙
3747,痛
3748,痢
3749,痣
3750,痩
3751,痰
3752,痴
3753,痺
3754,瘍
3755,瘡
3756,瘢
3757,瘤
3758,瘴
3759,瘻
3760,療
3761,癇
3762,癌
3763,癒
3764,癖
3765,癩
3766,癪
3767,癬
3768,癲
3769,癸
3770,発
3771,登
3772,發
3773,白
3774,百
3775,的
3776,皆
3777,皇
3778,皋
3779,皎
3780,皐
3781,皓
3782,皖
3783,皝
3784,皮
3785,皴
3786,皺
3787,皿
3788,盂
3789,盃
3790,盆
3791,盈
3792,益
3793,盒
3794,盗
3795,盛
3796,盞
3797,盟
3798,監
3799,盤
3800,盥
3801,盧
3802,盪
3803,目
3804,盲
3805,直
3806,相
3807,盾
3808,省
3809,眈
3810,眉
3811,看
3812,県
3813,眞
3814,真
3815,眠
3816,眩
3817,眷
3818,眸
3819,眺
3820,眼
3821,着
3822,睡
3823,睢
3824,督
3825,睦
3826,睨
3827,睫
3828,睺
3829,睾
3830,睿
3831,瞑
3832,瞞
3833,瞥
3834,瞬
3835,瞭
3836,瞰
3837,瞳
3838,瞻
3839,瞼
3840,瞽
3841,瞿
3842,矗
3843,矛
3844,矜
3845,矢
3846,矣
3847,知
3848,矧
3849,矩
3850,短
3851,矮
3852,矯
3853,石
3854,砂
3855,砌
3856,砒
3857,研
3858,砕
3859,砥
3860,砦
3861,砧
3862,砲
3863,破
3864,砺
3865,砿
3866,硝
3867,硫
3868,硬
3869,硯
3870,碁
3871,碇
3872,碌
3873,碍
3874,碑
3875,碓
3876,碕
3877,碗
3878,碣
3879,碧
3880,碩
3881,碭
3882,確
3883,碼
3884,碾
3885,磁
3886,磊
3887,磋
3888,磐
3889,磔
3890,磧
3891,磨
3892,磯
3893,磾
3894,礁
3895,礎
3896,礒
3897,礙
3898,礦
3899,礪
3900,礫
3901,礬
3902,示
3903,礼
3904,礽
3905,社
3906,祀
3907,祁
3908,祇
3909,祈
3910,祉
3911,祐
3912,祓
3913,祖
3914,祗
3915,祚
3916,祜
3917,祝
3918,神
3919,祟
3920,祠
3921,祢
3922,祥
3923,票
3924,祭
3925,祷
3926,祺
3927,禁
3928,禄
3929,禅
3930,禊
3931,禍
3932,禎
3933,福
3934,禕
3935,禦
3936,禧
3937,禪
3938,禮
3939,禰
3940,禹
3941,禺
3942,禽
3943,禾
3944,禿
3945,秀
3946,私
3947,秉
3948,秋
3949,科
3950,秒
3951,秘
3952,租
3953,秣
3954,秤
3955,秦
3956,秩
3957,称
3958,移
3959,稀
3960,稈
3961,程
3962,稍
3963,税
3964,稔
3965,稗
3966,稙
3967,稚
3968,稜
3969,稟
3970,稠
3971,種
3972,稲
3973,稷
3974,稻
3975,稼
3976,稽
3977,稿
3978,穀
3979,穂
3980,穆
3981,積
3982,穎
3983,穏
3984,穢
3985,穣
3986,穫
3987,穴
3988,究
3989,穹
3990,空
3991,穿
3992,突
3993,窃
3994,窄
3995,窈
3996,窒
3997,窓
3998,窘
3999,窟
4000,窠
4001,窩
4002,窪
4003,窮
4004,窯
4005,窺
4006,竃
4007,竄
4008,竇
4009,竈
4010,立
4011,站
4012,竜
4013,竟
4014,章
4015,竣
4016,童
4017,竪
4018,端
4019,竴
4020,競
4021,竹
4022,竺
4023,竿
4024,笄
4025,笈
4026,笊
4027,笏
4028,笑
4029,笘
4030,笙
4031,笛
4032,笞
4033,笠
4034,笥
4035,符
4036,第
4037,笹
4038,筆
4039,筈
4040,等
4041,筋
4042,筌
4043,筍
4044,筏
4045,筐
4046,筑
4047,筒
4048,答
4049,策
4050,筝
4051,筠
4052,筥
4053,筧
4054,筬
4055,筮
4056,筰
4057,筵
4058,筺
4059,箆
4060,箇
4061,箋
4062,箍
4063,箏
4064,箒
4065,箔
4066,箕
4067,算
4068,箙
4069,箚
4070,管
4071,箪
4072,箭
4073,箱
4074,箴
4075,箸
4076,節
4077,篁
4078,範
4079,篆
4080,篇
4081,築
4082,篋
4083,篝
4084,篠
4085,篤
4086,篥
4087,篩
4088,篪
4089,篭
4090,篳
4091,簀
4092,簑
4093,簒
4094,簗
4095,簡
4096,簪
4097,簫
4098,簸
4099,簾
4100,簿
4101,籃
4102,籌
4103,籍
4104,籐
4105,籔
4106,籟
4107,籠
4108,籤
4109,籬
4110,米
4111,籾
4112,粁
4113,粂
4114,粃
4115,粉
4116,粋
4117,粍
4118,粒
4119,粕
4120,粗
4121,粘
4122,粛
4123,粟
4124,粤
4125,粥
4126,粧
4127,粲
4128,粽
4129,精
4130,糀
4131,糊
4132,糎
4133,糖
4134,糜
4135,糞
4136,糟
4137,糠
4138,糧
4139,糸
4140,糺
4141,系
4142,糾
4143,紀
4144,紂
4145,約
4146,紅
4147,紆
4148,紇
4149,紊
4150,紋
4151,納
4152,紐
4153,純
4154,紗
4155,紘
4156,紙
4157,級
4158,紛
4159,素
4160,紡
4161,索
4162,紫
4163,紬
4164,紮
4165,累
4166,細
4167,紳
4168,紹
4169,紺
4170,終
4171,絃
4172,組
4173,絅
4174,絆
4175,経
4176,結
4177,絞
4178,絡
4179,絢
4180,絣
4181,給
4182,絨
4183,統
4184,絲
4185,絳
4186,絵
4187,絶
4188,絹
4189,綏
4190,經
4191,継
4192,続
4193,綜
4194,綝
4195,綠
4196,綫
4197,綬
4198,維
4199,綰
4200,綱
4201,網
4202,綴
4203,綵
4204,綸
4205,綺
4206,綻
4207,綽
4208,綾
4209,綿
4210,緊
4211,緋
4212,総
4213,緑
4214,緒
4215,緘
4216,線
4217,緝
4218,緞
4219,締
4220,編
4221,緩
4222,緬
4223,緯
4224,練
4225,緻
4226,縁
4227,縄
4228,縅
4229,縉
4230,縊
4231,縋
4232,縒
4233,縛
4234,縝
4235,縞
4236,縢
4237,縣
4238,縦
4239,縫
4240,縮
4241,縯
4242,縵
4243,縷
4244,縹
4245,縺
4246,總
4247,績
4248,繁
4249,繆
4250,繇
4251,繊
4252,繋
4253,繍
4254,織
4255,繕
4256,繚
4257,繞
4258,繪
4259,繭
4260,繰
4261,繹
4262,繼
4263,纂
4264,續
4265,纏
4266,纒
4267,纓
4268,红
4269,级
4270,线
4271,缶
4272,罐
4273,网
4274,罔
4275,罕
4276,罘
4277,罠
4278,罪
4279,罫
4280,置
4281,罰
4282,署
4283,罵
4284,罷
4285,罹
4286,羂
4287,羅
4288,羆
4289,羊
4290,羋
4291,羌
4292,美
4293,羚
4294,羞
4295,羣
4296,群
4297,羨
4298,義
4299,羯
4300,羲
4301,羹
4302,羽
4303,翁
4304,翅
4305,翊
4306,翌
4307,翎
4308,習
4309,翔
4310,翟
4311,翠
4312,翡
4313,翦
4314,翫
4315,翰
4316,翳
4317,翹
4318,翻
4319,翼
4320,耀
4321,老
4322,考
4323,者
4324,耆
4325,而
4326,耐
4327,耕
4328,耗
4329,耘
4330,耳
4331,耶
4332,耽
4333,耿
4334,聊
4335,聖
4336,聘
4337,聚
4338,聞
4339,聟
4340,聡
4341,聯
4342,聰
4343,聲
4344,聳
4345,聴
4346,聶
4347,職
4348,聾
4349,肄
4350,肆
4351,肇
4352,肉
4353,肋
4354,肌
4355,肖
4356,肘
4357,肛
4358,肜
4359,肝
4360,股
4361,肢
4362,肥
4363,肩
4364,肪
4365,肯
4366,肱
4367,育
4368,肴
4369,肺
4370,胃
4371,胆
4372,背
4373,胎
4374,胖
4375,胚
4376,胝
4377,胞
4378,胡
4379,胤
4380,胥
4381,胱
4382,胴
4383,胸
4384,能
4385,脂
4386,脅
4387,脆
4388,脇
4389,脈
4390,脊
4391,脚
4392,脛
4393,脩
4394,脱
4395,脳
4396,脹
4397,脾
4398,腋
4399,腎
4400,腐
4401,腑
4402,腓
4403,腔
4404,腕
4405,腫
4406,腰
4407,腱
4408,腸
4409,腹
4410,腺
4411,腿
4412,膀
4413,膂
4414,膊
4415,膏
4416,膚
4417,膜
4418,膝
4419,膠
4420,膣
4421,膨
4422,膳
4423,膵
4424,膺
4425,膾
4426,膿
4427,臀
4428,臂
4429,臆
4430,臈
4431,臍
4432,臓
4433,臘
4434,臙
4435,臚
4436,臣
4437,臥
4438,臧
4439,臨
4440,自
4441,臭
4442,至
4443,致
4444,臺
4445,臻
4446,臼
4447,舁
4448,舂
4449,舅
4450,與
4451,興
4452,舊
4453,舌
4454,舍
4455,舎
4456,舐
4457,舒
4458,舗
4459,舘
4460,舛
4461,舜
4462,舞
4463,舟
4464,舩
4465,航
4466,舫
4467,般
4468,舳
4469,舵
4470,舶
4471,舷
4472,船
4473,艀
4474,艇
4475,艘
4476,艙
4477,艤
4478,艦
4479,艮
4480,良
4481,艱
4482,色
4483,艶
4484,艸
4485,艾
4486,芋
4487,芍
4488,芎
4489,芒
4490,芙
4491,芝
4492,芥
4493,芦
4494,芬
4495,芭
4496,芮
4497,芯
4498,花
4499,芳
4500,芷
4501,芸
4502,芹
4503,芻
4504,芽
4505,芾
4506,苅
4507,苑
4508,苓
4509,苔
4510,苗
4511,苛
4512,苞
4513,苟
4514,若
4515,苦
4516,苧
4517,苫
4518,英
4519,苴
4520,苺
4521,苻
4522,茂
4523,范
4524,茄
4525,茅
4526,茉
4527,茎
4528,茗
4529,茘
4530,茜
4531,茨
4532,茫
4533,茯
4534,茱
4535,茲
4536,茶
4537,茸
4538,茹
4539,荀
4540,荃
4541,草
4542,荊
4543,荏
4544,荒
4545,荘
4546,荷
4547,荻
4548,荼
4549,莆
4550,莇
4551,莉
4552,莊
4553,莎
4554,莒
4555,莘
4556,莚
4557,莞
4558,莢
4559,莫
4560,莱
4561,莽
4562,菁
4563,菅
4564,菊
4565,菌
4566,菓
4567,菖
4568,菘
4569,菜
4570,菟
4571,菩
4572,菫
4573,華
4574,菰
4575,菱
4576,菲
4577,菴
4578,萄
4579,萇
4580,萊
4581,萌
4582,萍
4583,萎
4584,萠
4585,萩
4586,萬
4587,萱
4588,萸
4589,萼
4590,落
4591,葆
4592,葉
4593,著
4594,葛
4595,葡
4596,董
4597,葦
4598,葫
4599,葬
4600,葭
4601,葯
4602,葱
4603,葵
4604,葺
4605,蒋
4606,蒐
4607,蒔
4608,蒙
4609,蒜
4610,蒟
4611,蒯
4612,蒲
4613,蒴
4614,蒸
4615,蒹
4616,蒻
4617,蒼
4618,蒿
4619,蓁
4620,蓄
4621,蓉
4622,蓋
4623,蓑
4624,蓬
4625,蓮
4626,蓼
4627,蔀
4628,蔑
4629,蔓
4630,蔗
4631,蔚
4632,蔡
4633,蔣
4634,蔦
4635,蔬
4636,蔭
4637,蔵
4638,蔽
4639,蕁
4640,蕃
4641,蕉
4642,蕊
4643,蕎
4644,蕗
4645,蕙
4646,蕤
4647,蕨
4648,蕩
4649,蕪
4650,蕭
4651,蕷
4652,蕾
4653,薀
4654,薁
4655,薄
4656,薇
4657,薈
4658,薊
4659,薔
4660,薗
4661,薙
4662,薛
4663,薦
4664,薨
4665,薩
4666,薪
4667,薫
4668,薬
4669,薭
4670,薮
4671,薯
4672,藁
4673,藉
4674,藍
4675,藏
4676,藝
4677,藤
4678,藥
4679,藩
4680,藪
4681,藷
4682,藺
4683,藻
4684,蘂
4685,蘄
4686,蘆
4687,蘇
4688,蘊
4689,蘋
4690,蘚
4691,蘭
4692,蘿
4693,虎
4694,虐
4695,虔
4696,處
4697,虚
4698,虜
4699,虞
4700,號
4701,虢
4702,虫
4703,虹
4704,虻
4705,蚊
4706,蚕
4707,蚤
4708,蚩
4709,蛆
4710,蛇
4711,蛉
4712,蛋
4713,蛍
4714,蛎
4715,蛙
4716,蛛
4717,蛟
4718,蛤
4719,蛭
4720,蛮
4721,蛯
4722,蛸
4723,蛹
4724,蛾
4725,蜀
4726,蜂
4727,蜃
4728,蜆
4729,蜉
4730,蜘
4731,蜚
4732,蜜
4733,蜥
4734,蜴
4735,蜷
4736,蜻
4737,蝉
4738,蝋
4739,蝎
4740,蝕
4741,蝗
4742,蝙
4743,蝠
4744,蝣
4745,蝦
4746,蝮
4747,蝶
4748,蝸
4749,蝿
4750,螂
4751,融
4752,螢
4753,螳
4754,螺
4755,蟄
4756,蟇
4757,蟠
4758,蟲
4759,蟷
4760,蟹
4761,蟻
4762,蟾
4763,蠅
4764,蠍
4765,蠕
4766,蠡
4767,蠢
4768,蠣
4769,蠱
4770,血
4771,衆
4772,行
4773,衍
4774,衒
4775,術
4776,街
4777,衙
4778,衛
4779,衝
4780,衞
4781,衡
4782,衢
4783,衣
4784,表
4785,衫
4786,衰
4787,衷
4788,衾
4789,衿
4790,袁
4791,袂
4792,袈
4793,袋
4794,袍
4795,袖
4796,袞
4797,袢
4798,被
4799,袰
4800,袱
4801,袴
4802,袷
4803,袿
4804,裁
4805,裂
4806,裃
4807,装
4808,裏
4809,裒
4810,裔
4811,裕
4812,補
4813,裝
4814,裟
4815,裡
4816,裳
4817,裴
4818,裵
4819,裸
4820,製
4821,裾
4822,褄
4823,複
4824,褌
4825,褐
4826,褒
4827,褚
4828,褥
4829,褪
4830,褶
4831,褸
4832,褻
4833,襄
4834,襖
4835,襞
4836,襟
4837,襤
4838,襦
4839,襲
4840,襴
4841,襷
4842,西
4843,要
4844,覆
4845,覇
4846,覈
4847,見
4848,規
4849,視
4850,覗
4851,覚
4852,覧
4853,親
4854,覯
4855,観
4856,覺
4857,覽
4858,觀
4859,视
4860,角
4861,觚
4862,觜
4863,解
4864,触
4865,言
4866,訂
4867,訃
4868,計
4869,訊
4870,訌
4871,討
4872,訓
4873,託
4874,記
4875,訛
4876,訝
4877,訟
4878,訢
4879,訣
4880,訥
4881,訪
4882,設
4883,許
4884,訳
4885,訴
4886,訶
4887,診
4888,註
4889,証
4890,詁
4891,詈
4892,詐
4893,詔
4894,評
4895,詛
4896,詞
4897,詠
4898,詡
4899,詢
4900,詣
4901,試
4902,詧
4903,詩
4904,詫
4905,詭
4906,詮
4907,詰
4908,話
4909,該
4910,詳
4911,詵
4912,詹
4913,誄
4914,誅
4915,誇
4916,誉
4917,誌
4918,認
4919,誑
4920,誓
4921,誕
4922,誘
4923,語
4924,誠
4925,誡
4926,誣
4927,誤
4928,誥
4929,誦
4930,誨
4931,說
4932,説
4933,読
4934,誰
4935,課
4936,誹
4937,誼
4938,誾
4939,調
4940,談
4941,請
4942,諌
4943,諍
4944,諏
4945,諒
4946,論
4947,諜
4948,諝
4949,諡
4950,諦
4951,諧
4952,諫
4953,諭
4954,諮
4955,諱
4956,諳
4957,諶
4958,諷
4959,諸
4960,諺
4961,諾
4962,謀
4963,謁
4964,謂
4965,謄
4966,謎
4967,謐
4968,謔
4969,謗
4970,謙
4971,講
4972,謝
4973,謡
4974,謨
4975,謬
4976,謳
4977,謹
4978,證
4979,譏
4980,識
4981,譙
4982,譚
4983,譜
4984,警
4985,譬
4986,議
4987,譲
4988,譴
4989,護
4990,譽
4991,讀
4992,讃
4993,變
4994,讎
4995,讐
4996,讒
4997,讓
4998,讖
4999,谷
5000,谺
5001,谿
5002,豆
5003,豉
5004,豊
5005,豎
5006,豐
5007,豚
5008,象
5009,豪
5010,豫
5011,豬
5012,豳
5013,豹
5014,豺
5015,貂
5016,貉
5017,貊
5018,貌
5019,貘
5020,貝
5021,貞
5022,負
5023,財
5024,貢
5025,貧
5026,貨
5027,販
5028,貪
5029,貫
5030,責
5031,貯
5032,貰
5033,貳
5034,貴
5035,貶
5036,買
5037,貸
5038,費
5039,貼
5040,貽
5041,貿
5042,賀
5043,賁
5044,賂
5045,賃
5046,賄
5047,資
5048,賈
5049,賊
5050,賎
5051,賑
5052,賓
5053,賛
5054,賜
5055,賞
5056,賠
5057,賢
5058,賣
5059,賤
5060,賦
5061,質
5062,賭
5063,購
5064,賽
5065,贄
5066,贅
5067,贈
5068,贋
5069,贍
5070,贔
5071,贖
5072,贛
5073,赛
5074,赤
5075,赦
5076,赧
5077,赫
5078,赭
5079,走
5080,赳
5081,赴
5082,起
5083,超
5084,越
5085,趙
5086,趣
5087,趨
5088,足
5089,趾
5090,跆
5091,跋
5092,跎
5093,跏
5094,跗
5095,跛
5096,距
5097,跡
5098,跨
5099,跪
5100,路
5101,跳
5102,践
5103,踊
5104,踏
5105,踞
5106,踪
5107,踰
5108,踵
5109,蹂
5110,蹄
5111,蹉
5112,蹊
5113,蹋
5114,蹙
5115,蹟
5116,蹠
5117,蹲
5118,蹴
5119,蹶
5120,躁
5121,躅
5122,躇
5123,躊
5124,躍
5125,躑
5126,躓
5127,躙
5128,身
5129,躬
5130,躯
5131,躰
5132,躱
5133,躾
5134,軀
5135,車
5136,軋
5137,軌
5138,軍
5139,軒
5140,軕
5141,軛
5142,軟
5143,転
5144,軫
5145,軸
5146,軻
5147,軼
5148,軽
5149,軾
5150,較
5151,載
5152,輌
5153,輓
5154,輔
5155,輛
5156,輜
5157,輝
5158,輦
5159,輩
5160,輪
5161,輯
5162,輳
5163,輸
5164,輻
5165,輿
5166,轄
5167,轅
5168,轆
5169,轍
5170,轟
5171,轡
5172,轢
5173,车
5174,辛
5175,辜
5176,辞
5177,辟
5178,辣
5179,辦
5180,辨
5181,辭
5182,辮
5183,辯
5184,辰
5185,辱
5186,農
5187,辷
5188,辺
5189,辻
5190,込
5191,辿
5192,迂
5193,迄
5194,迅
5195,迎
5196,运
5197,近
5198,返
5199,迢
5200,迥
5201,迦
5202,迩
5203,迪
5204,迫
5205,迭
5206,述
5207,迴
5208,迷
5209,迹
5210,追
5211,退
5212,送
5213,逃
5214,逅
5215,逆
5216,逍
5217,透
5218,逐
5219,逓
5220,途
5221,逖
5222,逗
5223,這
5224,通
5225,逝
5226,逞
5227,速
5228,造
5229,逡
5230,逢
5231,連
5232,逮
5233,週
5234,進
5235,逵
5236,逸
5237,逹
5238,逼
5239,遁
5240,遂
5241,遅
5242,遇
5243,遊
5244,運
5245,遍
5246,過
5247,遐
5248,道
5249,達
5250,違
5251,遙
5252,遜
5253,遠
5254,遡
5255,遣
5256,遥
5257,適
5258,遭
5259,遮
5260,遵
5261,遷
5262,選
5263,遹
5264,遺
5265,遼
5266,遽
5267,避
5268,邀
5269,邁
5270,邂
5271,邃
5272,還
5273,邇
5274,邈
5275,邉
5276,邊
5277,邏
5278,邑
5279,邕
5280,邙
5281,邠
5282,邢
5283,那
5284,邦
5285,邨
5286,邪
5287,邯
5288,邱
5289,邳
5290,邵
5291,邸
5292,邽
5293,邾
5294,郁
5295,郃
5296,郅
5297,郊
5298,郎
5299,郗
5300,郛
5301,郝
5302,郞
5303,郡
5304,郢
5305,郤
5306,部
5307,郭
5308,郯
5309,郵
5310,郷
5311,都
5312,鄂
5313,鄄
5314,鄒
5315,鄔
5316,鄖
5317,鄙
5318,鄢
5319,鄧
5320,鄭
5321,鄯
5322,鄰
5323,鄱
5324,鄲
5325,鄴
5326,酈
5327,酉
5328,酊
5329,酋
5330,酌
5331,配
5332,酎
5333,酒
5334,酔
5335,酘
5336,酛
5337,酢
5338,酩
5339,酪
5340,酬
5341,酵
5342,酷
5343,酸
5344,醂
5345,醇
5346,醉
5347,醍
5348,醐
5349,醒
5350,醗
5351,醜
5352,醤
5353,醪
5354,醫
5355,醸
5356,采
5357,釈
5358,釉
5359,釋
5360,里
5361,重
5362,野
5363,量
5364,釐
5365,金
5366,釗
5367,釘
5368,釜
5369,針
5370,釣
5371,釦
5372,釧
5373,釵
5374,鈍
5375,鈎
5376,鈑
5377,鈔
5378,鈕
5379,鈞
5380,鈴
5381,鈷
5382,鈺
5383,鈿
5384,鉄
5385,鉅
5386,鉈
5387,鉉
5388,鉋
5389,鉗
5390,鉛
5391,鉞
5392,鉢
5393,鉤
5394,鉦
5395,鉱
5396,鉾
5397,銀
5398,銃
5399,銅
5400,銈
5401,銑
5402,銓
5403,銕
5404,銘
5405,銚
5406,銛
5407,銜
5408,銭
5409,鋏
5410,鋒
5411,鋤
5412,鋪
5413,鋭
5414,鋲
5415,鋳
5416,鋸
5417,鋺
5418,鋼
5419,錆
5420,錐
5421,錕
5422,錘
5423,錚
5424,錠
5425,錢
5426,錣
5427,錦
5428,錨
5429,錫
5430,錬
5431,錮
5432,錯
5433,録
5434,鍋
5435,鍍
5436,鍔
5437,鍛
5438,鍬
5439,鍮
5440,鍵
5441,鍼
5442,鍾
5443,鎌
5444,鎔
5445,鎖
5446,鎗
5447,鎚
5448,鎧
5449,鎬
5450,鎭
5451,鎮
5452,鎰
5453,鎹
5454,鏃
5455,鏑
5456,鏞
5457,鏡
5458,鏢
5459,鐐
5460,鐔
5461,鐘
5462,鐙
5463,鐡
5464,鐵
5465,鐸
5466,鑁
5467,鑑
5468,鑒
5469,鑓
5470,鑚
5471,鑢
5472,鑫
5473,鑰
5474,鑲
5475,鑼
5476,鑽
5477,鑿
5478,铁
5479,長
5480,长
5481,門
5482,閂
5483,閃
5484,閉
5485,開
5486,閏
5487,閑
5488,閒
5489,間
5490,閔
5491,閖
5492,閘
5493,関
5494,閣
5495,閤
5496,閥
5497,閨
5498,閩
5499,閬
5500,閭
5501,閲
5502,閻
5503,閼
5504,閾
5505,闇
5506,闊
5507,闍
5508,闐
5509,闓
5510,闕
5511,闖
5512,闘
5513,關
5514,闡
5515,闢
5516,闥
5517,阜
5518,阪
5519,阮
5520,阯
5521,防
5522,阻
5523,阿
5524,陀
5525,陂
5526,附
5527,陋
5528,陌
5529,降
5530,限
5531,陕
5532,陘
5533,陛
5534,陝
5535,陞
5536,陟
5537,院
5538,陣
5539,除
5540,陥
5541,陪
5542,陰
5543,陳
5544,陵
5545,陶
5546,陷
5547,陸
5548,険
5549,陽
5550,隅
5551,隆
5552,隈
5553,隊
5554,隋
5555,階
5556,随
5557,隔
5558,隕
5559,隗
5560,隘
5561,隙
5562,際
5563,障
5564,隠
5565,隣
5566,隧
5567,隨
5568,隴
5569,隷
5570,隻
5571,隼
5572,雀
5573,雁
5574,雄
5575,雅
5576,集
5577,雇
5578,雉
5579,雌
5580,雍
5581,雎
5582,雑
5583,雒
5584,雕
5585,雖
5586,雙
5587,雛
5588,雜
5589,雞
5590,離
5591,難
5592,雨
5593,雪
5594,雫
5595,雰
5596,雲
5597,零
5598,雷
5599,雹
5600,電
5601,需
5602,霄
5603,霆
5604,震
5605,霊
5606,霍
5607,霑
5608,霓
5609,霖
5610,霜
5611,霞
5612,霧
5613,霰
5614,露
5615,霸
5616,霹
5617,霽
5618,靂
5619,靄
5620,靈
5621,靏
5622,青
5623,靖
5624,静
5625,靚
5626,靜
5627,非
5628,靡
5629,面
5630,革
5631,靫
5632,靭
5633,靱
5634,靳
5635,靴
5636,靺
5637,靼
5638,鞄
5639,鞅
5640,鞆
5641,鞋
5642,鞍
5643,鞏
5644,鞘
5645,鞜
5646,鞠
5647,鞨
5648,鞬
5649,鞭
5650,鞮
5651,鞴
5652,韃
5653,韋
5654,韓
5655,韜
5656,韮
5657,音
5658,韶
5659,韻
5660,響
5661,頁
5662,頂
5663,頃
5664,項
5665,順
5666,須
5667,頊
5668,頌
5669,預
5670,頑
5671,頒
5672,頓
5673,頗
5674,領
5675,頚
5676,頠
5677,頡
5678,頤
5679,頬
5680,頭
5681,頴
5682,頷
5683,頸
5684,頻
5685,頼
5686,頽
5687,顆
5688,題
5689,額
5690,顎
5691,顒
5692,顓
5693,顔
5694,顕
5695,顗
5696,願
5697,顛
5698,類
5699,顥
5700,顧
5701,顯
5702,顰
5703,風
5704,颪
5705,颯
5706,飄
5707,飛
5708,飜
5709,食
5710,飡
5711,飢
5712,飫
5713,飯
5714,飲
5715,飴
5716,飼
5717,飽
5718,飾
5719,餃
5720,餅
5721,餉
5722,養
5723,餌
5724,餐
5725,餓
5726,餘
5727,餞
5728,餡
5729,館
5730,饅
5731,饉
5732,饋
5733,饌
5734,饒
5735,饗
5736,首
5737,馗
5738,香
5739,馥
5740,馨
5741,馬
5742,馮
5743,馳
5744,馴
5745,駁
5746,駄
5747,駅
5748,駆
5749,駈
5750,駐
5751,駒
5752,駕
5753,駙
5754,駝
5755,駢
5756,駱
5757,駿
5758,騎
5759,騏
5760,騒
5761,験
5762,騙
5763,騨
5764,騫
5765,騭
5766,騰
5767,騸
5768,驀
5769,驃
5770,驍
5771,驕
5772,驚
5773,驛
5774,驟
5775,驢
5776,驤
5777,驥
5778,驩
5779,驪
5780,骨
5781,骸
5782,髄
5783,髏
5784,髑
5785,體
5786,高
5787,髙
5788,髠
5789,髢
5790,髣
5791,髦
5792,髪
5793,髭
5794,髯
5795,髴
5796,髷
5797,髻
5798,鬆
5799,鬘
5800,鬚
5801,鬢
5802,鬣
5803,鬨
5804,鬬
5805,鬱
5806,鬲
5807,鬼
5808,魁
5809,魂
5810,魃
5811,魄
5812,魅
5813,魍
5814,魎
5815,魏
5816,魑
5817,魔
5818,魚
5819,魯
5820,鮎
5821,鮑
5822,鮒
5823,鮓
5824,鮨
5825,鮪
5826,鮫
5827,鮭
5828,鮮
5829,鯉
5830,鯏
5831,鯖
5832,鯛
5833,鯨
5834,鯰
5835,鯱
5836,鯵
5837,鰊
5838,鰍
5839,鰐
5840,鰒
5841,鰓
5842,鰕
5843,鰭
5844,鰯
5845,鰹
5846,鰺
5847,鰻
5848,鱈
5849,鱒
5850,鱗
5851,鳥
5852,鳧
5853,鳩
5854,鳰
5855,鳳
5856,鳴
5857,鳶
5858,鴇
5859,鴈
5860,鴉
5861,鴎
5862,鴛
5863,鴦
5864,鴨
5865,鴫
5866,鴬
5867,鴻
5868,鵄
5869,鵜
5870,鵝
5871,鵞
5872,鵠
5873,鵡
5874,鵬
5875,鵯
5876,鵰
5877,鵲
5878,鵺
5879,鶉
5880,鶏
5881,鶚
5882,鶯
5883,鶴
5884,鶻
5885,鷗
5886,鷦
5887,鷯
5888,鷲
5889,鷹
5890,鷺
5891,鸕
5892,鸚
5893,鸞
5894,鹵
5895,鹸
5896,鹹
5897,鹽
5898,鹿
5899,麁
5900,麒
5901,麓
5902,麗
5903,麝
5904,麟
5905,麥
5906,麦
5907,麩
5908,麵
5909,麹
5910,麺
5911,麻
5912,麾
5913,麿
5914,黃
5915,黄
5916,黌
5917,黍
5918,黎
5919,黑
5920,黒
5921,黔
5922,默
5923,黙
5924,黛
5925,點
5926,鼈
5927,鼎
5928,鼓
5929,鼠
5930,鼬
5931,鼻
5932,鼾
5933,齊
5934,齋
5935,齎
5936,齟
5937,齢
5938,齧
5939,齬
5940,齮
5941,齲
5942,龍
5943,龐
5944,龔
5945,龕
5946,龗
5947,龙
5948,龜
5949,가
5950,간
5951,강
5952,개
5953,거
5954,건
5955,검
5956,경
5957,계
5958,고
5959,곡
5960,공
5961,과
5962,관
5963,광
5964,교
5965,구
5966,국
5967,군
5968,권
5969,규
5970,그
5971,글
5972,금
5973,기
5974,길
5975,김
5976,나
5977,낙
5978,남
5979,내
5980,년
5981,노
5982,는
5983,니
5984,다
5985,단
5986,당
5987,대
5988,더
5989,도
5990,독
5991,동
5992,드
5993,들
5994,디
5995,라
5996,랑
5997,래
5998,레
5999,력
6000,로
6001,르
6002,리
6003,립
6004,마
6005,만
6006,말
6007,면
6008,명
6009,몬
6010,무
6011,문
6012,물
6013,미
6014,민
6015,바
6016,박
6017,반
6018,방
6019,배
6020,버
6021,법
6022,베
6023,병
6024,보
6025,부
6026,북
6027,비
6028,빠
6029,사
6030,산
6031,삼
6032,상
6033,새
6034,서
6035,석
6036,선
6037,성
6038,세
6039,소
6040,송
6041,수
6042,순
6043,스
6044,습
6045,승
6046,시
6047,식
6048,신
6049,씨
6050,아
6051,안
6052,야
6053,약
6054,양
6055,어
6056,언
6057,에
6058,여
6059,역
6060,연
6061,영
6062,오
6063,온
6064,와
6065,완
6066,요
6067,용
6068,우
6069,운
6070,울
6071,원
6072,위
6073,유
6074,윤
6075,으
6076,은
6077,을
6078,음
6079,의
6080,이
6081,인
6082,일
6083,자
6084,장
6085,재
6086,전
6087,점
6088,정
6089,제
6090,조
6091,종
6092,주
6093,준
6094,중
6095,지
6096,진
6097,집
6098,차
6099,찬
6100,천
6101,철
6102,총
6103,추
6104,츠
6105,카
6106,코
6107,크
6108,타
6109,태
6110,터
6111,통
6112,트
6113,파
6114,평
6115,포
6116,표
6117,프
6118,피
6119,하
6120,학
6121,한
6122,함
6123,합
6124,항
6125,해
6126,행
6127,허
6128,혁
6129,현
6130,협
6131,호
6132,홍
6133,화
6134,환
6135,황
6136,회
6137,훈
6138,휘
6139,희
6140,﨑
6141,﨟
